"term","estimate","std.error","statistic","p.value"
"(Intercept)",149.699766139455,19.751852829254,7.57902397479078,0.000128508400040562
"Weight",0.227737091513324,0.270884145226974,0.840717685128832,0.428285978273024
